{"answers":{"request001":{"relevance":[{"docid":1,"rank":0.9900000095367432},{"docid":2,"rank":0.8799999952316284}],"result":"true"},"request002":{"result":"false"}}}